video_name,tag
Abuse001_x264_14.mp4,No Action
Abuse001_x264_16.mp4,Abuse
Abuse001_x264_7.mp4,Abuse
Abuse001_x264_8.mp4,Abuse
Abuse003_x264_15.mp4,No Action
Abuse003_x264_16.mp4,No Action
Abuse003_x264_20.mp4,No Action
Abuse003_x264_28.mp4,No Action
Abuse004_x264_27.mp4,No Action
Abuse004_x264_7.mp4,Abuse
Abuse006_x264_26.mp4,Abuse
Abuse006_x264_3.mp4,Abuse
Abuse006_x264_4.mp4,Abuse
Abuse007_x264_16.mp4,No Action
Abuse007_x264_18.mp4,No Action
Abuse007_x264_22.mp4,No Action
Abuse007_x264_26.mp4,No Action
Abuse007_x264_29.mp4,No Action
Abuse007_x264_3.mp4,Abuse
Abuse008_x264_3.mp4,Abuse
Abuse010_x264_10.mp4,Abuse
Abuse010_x264_21.mp4,Abuse
Abuse010_x264_26.mp4,No Action
Abuse010_x264_28.mp4,No Action
Abuse010_x264_3.mp4,Abuse
Abuse010_x264_4.mp4,Abuse
Abuse012_x264_15.mp4,No Action
Abuse012_x264_2.mp4,Abuse
Abuse012_x264_25.mp4,No Action
Abuse013_x264_14.mp4,No Action
Abuse013_x264_15.mp4,No Action
Abuse013_x264_18.mp4,No Action
Abuse014_x264_21.mp4,No Action
Abuse014_x264_24.mp4,No Action
Abuse014_x264_25.mp4,No Action
Abuse016_x264_29.mp4,Abuse
Abuse016_x264_3.mp4,No Action
Abuse016_x264_9.mp4,No Action
Abuse017_x264_0.mp4,No Action
Abuse017_x264_15.mp4,No Action
Abuse017_x264_16.mp4,Abuse
Abuse017_x264_7.mp4,No Action
Abuse018_x264_5.mp4,No Action
Abuse018_x264_7.mp4,No Action
Abuse019_x264_16.mp4,No Action
Abuse019_x264_18.mp4,Abuse
Abuse019_x264_2.mp4,No Action
Abuse019_x264_20.mp4,Abuse
Abuse019_x264_21.mp4,Abuse
Abuse019_x264_28.mp4,Abuse
Abuse019_x264_30.mp4,Abuse
Abuse020_x264_25.mp4,No Action
Abuse020_x264_26.mp4,No Action
Abuse021_x264_1.mp4,Abuse
Abuse021_x264_12.mp4,Abuse
Abuse022_x264_13.mp4,Abuse
Abuse022_x264_19.mp4,Abuse
Abuse022_x264_24.mp4,Abuse
Abuse022_x264_8.mp4,Abuse
Abuse023_x264_4.mp4,Abuse
Abuse024_x264_15.mp4,No Action
Abuse024_x264_23.mp4,Abuse
Abuse024_x264_29.mp4,Abuse
Abuse024_x264_9.mp4,No Action
Abuse025_x264_0.mp4,Abuse
Abuse025_x264_18.mp4,Abuse
Abuse025_x264_19.mp4,Abuse
Abuse025_x264_20.mp4,Abuse
Abuse025_x264_21.mp4,Abuse
Abuse025_x264_24.mp4,Abuse
Abuse026_x264_15.mp4,Abuse
Abuse026_x264_21.mp4,Abuse
Abuse026_x264_3.mp4,Abuse
Abuse026_x264_6.mp4,Abuse
Abuse027_x264_16.mp4,Abuse
Abuse027_x264_18.mp4,Abuse
Abuse027_x264_28.mp4,Abuse
Abuse027_x264_6.mp4,No Action
Abuse027_x264_7.mp4,No Action
Abuse028_x264_12.mp4,No Action
Abuse028_x264_25.mp4,No Action
Abuse030_x264_0.mp4,No Action
Abuse030_x264_12.mp4,No Action
Abuse030_x264_14.mp4,No Action
Abuse030_x264_2.mp4,No Action
Abuse030_x264_20.mp4,No Action
Abuse030_x264_21.mp4,No Action
Abuse031_x264_0.mp4,No Action
Abuse031_x264_17.mp4,Abuse
Abuse031_x264_25.mp4,Abuse
Abuse031_x264_6.mp4,Abuse
Abuse031_x264_7.mp4,Abuse
Abuse033_x264_17.mp4,No Action
Abuse033_x264_26.mp4,Abuse
Abuse033_x264_30.mp4,Abuse
Abuse033_x264_6.mp4,No Action
Abuse034_x264_1.mp4,No Action
Abuse034_x264_22.mp4,Abuse
Abuse034_x264_25.mp4,Abuse
Abuse034_x264_26.mp4,Abuse
Abuse035_x264_30.mp4,No Action
Abuse035_x264_31.mp4,No Action
Abuse035_x264_6.mp4,Abuse
Abuse035_x264_8.mp4,Abuse
Abuse036_x264_14.mp4,No Action
Abuse036_x264_28.mp4,No Action
Abuse037_x264_1.mp4,No Action
Abuse037_x264_10.mp4,No Action
Abuse039_x264_13.mp4,Abuse
Abuse039_x264_22.mp4,No Action
Abuse039_x264_3.mp4,No Action
Abuse041_x264_1.mp4,No Action
Abuse041_x264_11.mp4,No Action
Abuse041_x264_24.mp4,No Action
Abuse041_x264_27.mp4,No Action
Abuse041_x264_3.mp4,No Action
Abuse041_x264_7.mp4,No Action
Abuse041_x264_9.mp4,No Action
Abuse043_x264_12.mp4,Abuse
Abuse043_x264_23.mp4,Abuse
Abuse043_x264_26.mp4,Abuse
Abuse043_x264_5.mp4,Abuse
Abuse043_x264_9.mp4,Abuse
Abuse044_x264_10.mp4,No Action
Abuse044_x264_13.mp4,No Action
Abuse044_x264_14.mp4,No Action
Abuse044_x264_15.mp4,No Action
Abuse044_x264_20.mp4,Abuse
Abuse044_x264_3.mp4,No Action
Abuse044_x264_30.mp4,Abuse
Abuse045_x264_1.mp4,Abuse
Abuse045_x264_19.mp4,No Action
Abuse045_x264_2.mp4,Abuse
Abuse045_x264_22.mp4,Abuse
Abuse045_x264_25.mp4,No Action
Abuse045_x264_26.mp4,Abuse
Abuse047_x264_14.mp4,No Action
Abuse047_x264_17.mp4,No Action
Abuse048_x264_21.mp4,No Action
Abuse048_x264_27.mp4,Abuse
Abuse048_x264_30.mp4,Abuse
Abuse048_x264_4.mp4,Abuse
Abuse050_x264_2.mp4,Abuse
Abuse050_x264_20.mp4,No Action
Abuse050_x264_25.mp4,Abuse
Abuse050_x264_6.mp4,No Action
Arrest001_x264_10.mp4,Arrest
Arrest001_x264_15.mp4,No Action
Arrest001_x264_22.mp4,Arrest
Arrest001_x264_23.mp4,Arrest
Arrest001_x264_25.mp4,Arrest
Arrest001_x264_26.mp4,No Action
Arrest001_x264_27.mp4,No Action
Arrest001_x264_4.mp4,No Action
Arrest002_x264_1.mp4,No Action
Arrest002_x264_21.mp4,Arrest
Arrest002_x264_23.mp4,Arrest
Arrest002_x264_7.mp4,Arrest
Arrest003_x264_1.mp4,No Action
Arrest003_x264_16.mp4,Arrest
Arrest003_x264_5.mp4,No Action
Arrest003_x264_6.mp4,Arrest
Arrest004_x264_12.mp4,Arrest
Arrest004_x264_23.mp4,Arrest
Arrest004_x264_25.mp4,Arrest
Arrest004_x264_26.mp4,Arrest
Arrest004_x264_3.mp4,No Action
Arrest004_x264_9.mp4,Arrest
Arrest005_x264_13.mp4,Arrest
Arrest005_x264_17.mp4,Arrest
Arrest005_x264_23.mp4,Arrest
Arrest005_x264_28.mp4,Arrest
Arrest006_x264_14.mp4,Arrest
Arrest006_x264_2.mp4,No Action
Arrest006_x264_23.mp4,Arrest
Arrest006_x264_25.mp4,Arrest
Arrest009_x264_1.mp4,No Action
Arrest009_x264_14.mp4,No Action
Arrest009_x264_17.mp4,No Action
Arrest009_x264_26.mp4,Arrest
Arrest011_x264_0.mp4,No Action
Arrest011_x264_23.mp4,Arrest
Arrest011_x264_28.mp4,Arrest
Arrest011_x264_31.mp4,Arrest
Arrest013_x264_23.mp4,No Action
Arrest013_x264_3.mp4,No Action
Arrest014_x264_15.mp4,No Action
Arrest014_x264_16.mp4,No Action
Arrest014_x264_22.mp4,No Action
Arrest014_x264_27.mp4,No Action
Arrest014_x264_29.mp4,No Action
Arrest014_x264_8.mp4,No Action
Arrest017_x264_21.mp4,Arrest
Arrest017_x264_22.mp4,Arrest
Arrest017_x264_24.mp4,Arrest
Arrest017_x264_3.mp4,No Action
Arrest017_x264_31.mp4,Arrest
Arrest017_x264_7.mp4,No Action
Arrest019_x264_22.mp4,Arrest
Arrest019_x264_5.mp4,No Action
Arrest022_x264_0.mp4,No Action
Arrest022_x264_13.mp4,Arrest
Arrest022_x264_24.mp4,Arrest
Arrest022_x264_25.mp4,Arrest
Arrest023_x264_16.mp4,Arrest
Arrest023_x264_22.mp4,Arrest
Arrest023_x264_29.mp4,Arrest
Arrest023_x264_31.mp4,Arrest
Arrest023_x264_7.mp4,Arrest
Arrest024_x264_16.mp4,Arrest
Arrest024_x264_19.mp4,Arrest
Arrest024_x264_21.mp4,Arrest
Arrest024_x264_23.mp4,Arrest
Arrest024_x264_29.mp4,Arrest
Arrest024_x264_8.mp4,No Action
Arrest025_x264_11.mp4,Arrest
Arrest025_x264_3.mp4,No Action
Arrest028_x264_11.mp4,Arrest
Arrest028_x264_22.mp4,Arrest
Arrest028_x264_23.mp4,Arrest
Arrest028_x264_5.mp4,No Action
Arrest028_x264_6.mp4,No Action
Arrest031_x264_12.mp4,No Action
Arrest031_x264_14.mp4,No Action
Arrest031_x264_7.mp4,No Action
Arrest032_x264_1.mp4,No Action
Arrest032_x264_2.mp4,No Action
Arrest032_x264_23.mp4,Arrest
Arrest032_x264_26.mp4,Arrest
Arrest032_x264_28.mp4,Arrest
Arrest032_x264_3.mp4,No Action
Arrest036_x264_10.mp4,Arrest
Arrest036_x264_13.mp4,Arrest
Arrest036_x264_15.mp4,Arrest
Arrest036_x264_22.mp4,Arrest
Arrest036_x264_3.mp4,No Action
Arrest036_x264_30.mp4,Arrest
Arrest036_x264_4.mp4,No Action
Arrest036_x264_5.mp4,No Action
Arrest036_x264_7.mp4,No Action
Arrest037_x264_10.mp4,Arrest
Arrest037_x264_20.mp4,No Action
Arrest037_x264_28.mp4,No Action
Arrest037_x264_4.mp4,No Action
Arrest037_x264_6.mp4,Arrest
Arrest038_x264_20.mp4,Arrest
Arrest038_x264_22.mp4,Arrest
Arrest038_x264_6.mp4,Arrest
Arrest038_x264_8.mp4,Arrest
Arrest040_x264_18.mp4,No Action
Arrest040_x264_19.mp4,No Action
Arrest040_x264_24.mp4,Arrest
Arrest040_x264_28.mp4,Arrest
Arrest041_x264_13.mp4,Arrest
Arrest041_x264_19.mp4,Arrest
Arrest041_x264_2.mp4,No Action
Arrest041_x264_22.mp4,Arrest
Arrest041_x264_4.mp4,Arrest
Arrest042_x264_0.mp4,No Action
Arrest042_x264_20.mp4,Arrest
Arrest042_x264_26.mp4,Arrest
Arrest042_x264_3.mp4,No Action
Arrest042_x264_31.mp4,Arrest
Arrest042_x264_4.mp4,No Action
Arrest042_x264_7.mp4,No Action
Arrest048_x264_1.mp4,No Action
Arrest048_x264_15.mp4,Arrest
Arrest048_x264_24.mp4,Arrest
Arrest048_x264_3.mp4,No Action
Arrest048_x264_8.mp4,Arrest
Arson002_x264_13.mp4,Arson
Arson002_x264_16.mp4,Arson
Arson002_x264_27.mp4,Arson
Arson003_x264_11.mp4,Arson
Arson003_x264_24.mp4,Arson
Arson005_x264_15.mp4,No Action
Arson005_x264_2.mp4,Arson
Arson005_x264_9.mp4,No Action
Arson008_x264_14.mp4,Arson
Arson008_x264_29.mp4,Arson
Arson008_x264_3.mp4,Arson
Arson008_x264_30.mp4,Arson
Arson011_x264_1.mp4,No Action
Arson011_x264_11.mp4,Arson
Arson011_x264_17.mp4,No Action
Arson011_x264_24.mp4,Arson
Arson011_x264_3.mp4,No Action
Arson011_x264_9.mp4,Arson
Arson014_x264_15.mp4,No Action
Arson014_x264_2.mp4,No Action
Arson014_x264_5.mp4,No Action
Arson014_x264_7.mp4,No Action
Arson016_x264_24.mp4,No Action
Arson016_x264_30.mp4,Arson
Arson016_x264_31.mp4,Arson
Arson016_x264_6.mp4,No Action
Arson020_x264_11.mp4,No Action
Arson020_x264_24.mp4,Arson
Arson020_x264_3.mp4,No Action
Arson023_x264_18.mp4,Arson
Arson023_x264_21.mp4,Arson
Arson023_x264_5.mp4,No Action
Arson024_x264_11.mp4,No Action
Arson024_x264_13.mp4,No Action
Arson024_x264_2.mp4,No Action
Arson024_x264_21.mp4,Arson
Arson024_x264_6.mp4,No Action
Arson024_x264_7.mp4,No Action
Arson027_x264_26.mp4,Arson
Arson027_x264_9.mp4,No Action
Arson028_x264_30.mp4,Arson
Arson028_x264_4.mp4,No Action
Arson028_x264_8.mp4,No Action
Arson029_x264_11.mp4,No Action
Arson029_x264_22.mp4,Arson
Arson029_x264_24.mp4,Arson
Arson029_x264_5.mp4,No Action
Arson029_x264_6.mp4,No Action
Arson034_x264_13.mp4,No Action
Arson034_x264_21.mp4,Arson
Arson034_x264_4.mp4,No Action
Arson034_x264_6.mp4,No Action
Arson036_x264_22.mp4,No Action
Arson036_x264_25.mp4,No Action
Arson036_x264_27.mp4,No Action
Arson036_x264_9.mp4,Arson
Arson039_x264_1.mp4,Arson
Arson040_x264_0.mp4,No Action
Arson040_x264_8.mp4,Arson
Arson040_x264_9.mp4,No Action
Arson041_x264_13.mp4,No Action
Arson041_x264_22.mp4,Arson
Arson041_x264_9.mp4,No Action
Arson042_x264_22.mp4,No Action
Arson042_x264_3.mp4,No Action
Arson042_x264_8.mp4,No Action
Arson042_x264_9.mp4,No Action
Arson045_x264_10.mp4,No Action
Arson045_x264_2.mp4,No Action
Arson045_x264_31.mp4,Arson
Arson045_x264_4.mp4,No Action
Arson045_x264_8.mp4,Arson
Arson047_x264_13.mp4,No Action
Arson047_x264_22.mp4,No Action
Arson047_x264_29.mp4,Arson
Arson047_x264_8.mp4,No Action
Arson047_x264_9.mp4,No Action
Arson050_x264_15.mp4,No Action
Arson050_x264_28.mp4,Arson
Assault002_x264_13.mp4,Assault
Assault002_x264_14.mp4,Assault
Assault002_x264_26.mp4,Assault
Assault004_x264_18.mp4,Assault
Assault004_x264_2.mp4,No Action
Assault005_x264_13.mp4,Assault
Assault005_x264_18.mp4,Assault
Assault005_x264_2.mp4,No Action
Assault005_x264_4.mp4,No Action
Assault007_x264_10.mp4,Assault
Assault007_x264_12.mp4,Assault
Assault007_x264_16.mp4,Assault
Assault007_x264_22.mp4,Assault
Assault007_x264_24.mp4,Assault
Assault007_x264_27.mp4,Assault
Assault007_x264_3.mp4,No Action
Assault007_x264_6.mp4,No Action
Assault009_x264_16.mp4,Assault
Assault009_x264_20.mp4,No Action
Assault009_x264_3.mp4,No Action
Assault011_x264_8.mp4,Assault
Assault013_x264_10.mp4,Assault
Assault013_x264_14.mp4,No Action
Assault013_x264_21.mp4,No Action
Assault013_x264_23.mp4,No Action
Assault013_x264_24.mp4,No Action
Assault013_x264_7.mp4,No Action
Assault014_x264_0.mp4,No Action
Assault014_x264_22.mp4,Assault
Assault014_x264_25.mp4,Assault
Assault014_x264_27.mp4,Assault
Assault014_x264_29.mp4,Assault
Assault014_x264_6.mp4,No Action
Assault015_x264_14.mp4,Assault
Assault015_x264_16.mp4,Assault
Assault015_x264_22.mp4,Assault
Assault015_x264_25.mp4,No Action
Assault017_x264_12.mp4,Assault
Assault017_x264_14.mp4,Assault
Assault017_x264_18.mp4,Assault
Assault017_x264_20.mp4,Assault
Assault017_x264_22.mp4,No Action
Assault017_x264_26.mp4,No Action
Assault017_x264_5.mp4,No Action
Assault019_x264_14.mp4,No Action
Assault019_x264_2.mp4,No Action
Assault022_x264_10.mp4,Assault
Assault025_x264_10.mp4,No Action
Assault025_x264_17.mp4,Assault
Assault025_x264_19.mp4,Assault
Assault025_x264_26.mp4,No Action
Assault025_x264_31.mp4,No Action
Assault025_x264_7.mp4,No Action
Assault028_x264_13.mp4,Assault
Assault028_x264_18.mp4,No Action
Assault030_x264_29.mp4,Assault
Assault030_x264_4.mp4,No Action
Assault033_x264_16.mp4,No Action
Assault033_x264_20.mp4,No Action
Assault033_x264_25.mp4,Assault
Assault034_x264_14.mp4,No Action
Assault034_x264_16.mp4,No Action
Assault034_x264_17.mp4,No Action
Assault034_x264_5.mp4,No Action
Assault034_x264_6.mp4,No Action
Assault037_x264_19.mp4,No Action
Assault037_x264_3.mp4,No Action
Assault040_x264_1.mp4,No Action
Assault040_x264_5.mp4,No Action
Assault045_x264_1.mp4,No Action
Assault045_x264_10.mp4,No Action
Assault045_x264_14.mp4,No Action
Assault045_x264_17.mp4,No Action
Assault045_x264_18.mp4,No Action
Assault045_x264_19.mp4,No Action
Assault045_x264_24.mp4,No Action
Assault047_x264_13.mp4,No Action
Assault047_x264_22.mp4,No Action
Assault047_x264_26.mp4,No Action
Assault048_x264_1.mp4,No Action
Assault048_x264_15.mp4,No Action
Assault048_x264_25.mp4,No Action
Assault048_x264_26.mp4,No Action
Assault048_x264_31.mp4,No Action
Assault048_x264_7.mp4,Assault
Assault049_x264_0.mp4,No Action
Assault049_x264_12.mp4,Assault
Assault049_x264_19.mp4,No Action
Assault049_x264_21.mp4,Assault
Assault049_x264_30.mp4,No Action
Assault049_x264_4.mp4,No Action
Burglary001_x264_10.mp4,Burglary
Burglary001_x264_12.mp4,Burglary
Burglary001_x264_25.mp4,Burglary
Burglary001_x264_28.mp4,Burglary
Burglary001_x264_3.mp4,Burglary
Burglary001_x264_30.mp4,No Action
Burglary004_x264_29.mp4,Burglary
Burglary004_x264_3.mp4,No Action
Burglary004_x264_4.mp4,Burglary
Burglary004_x264_9.mp4,Burglary
Burglary007_x264_1.mp4,Burglary
Burglary007_x264_12.mp4,Burglary
Burglary007_x264_17.mp4,Burglary
Burglary007_x264_18.mp4,Burglary
Burglary007_x264_2.mp4,Burglary
Burglary007_x264_27.mp4,Burglary
Burglary009_x264_16.mp4,Burglary
Burglary011_x264_19.mp4,No Action
Burglary011_x264_21.mp4,No Action
Burglary011_x264_28.mp4,Burglary
Burglary011_x264_31.mp4,No Action
Burglary012_x264_11.mp4,Burglary
Burglary012_x264_14.mp4,Burglary
Burglary012_x264_24.mp4,Burglary
Burglary012_x264_25.mp4,Burglary
Burglary012_x264_4.mp4,Burglary
Burglary012_x264_9.mp4,Burglary
Burglary013_x264_10.mp4,Burglary
Burglary013_x264_2.mp4,No Action
Burglary013_x264_25.mp4,Burglary
Burglary013_x264_29.mp4,Burglary
Burglary013_x264_30.mp4,Burglary
Burglary013_x264_31.mp4,Burglary
Burglary014_x264_1.mp4,Burglary
Burglary014_x264_17.mp4,Burglary
Burglary014_x264_18.mp4,Burglary
Burglary014_x264_27.mp4,Burglary
Burglary014_x264_29.mp4,Burglary
Burglary014_x264_6.mp4,Burglary
Burglary015_x264_17.mp4,Burglary
Burglary015_x264_2.mp4,No Action
Burglary015_x264_20.mp4,Burglary
Burglary015_x264_22.mp4,Burglary
Burglary015_x264_24.mp4,Burglary
Burglary015_x264_31.mp4,Burglary
Burglary017_x264_11.mp4,No Action
Burglary017_x264_2.mp4,Burglary
Burglary018_x264_12.mp4,No Action
Burglary018_x264_13.mp4,No Action
Burglary018_x264_16.mp4,No Action
Burglary018_x264_21.mp4,Burglary
Burglary018_x264_28.mp4,Burglary
Burglary018_x264_5.mp4,No Action
Burglary018_x264_8.mp4,No Action
Burglary019_x264_11.mp4,Burglary
Burglary019_x264_16.mp4,Burglary
Burglary019_x264_19.mp4,Burglary
Burglary019_x264_8.mp4,Burglary
Burglary020_x264_18.mp4,Burglary
Burglary020_x264_5.mp4,Burglary
Burglary021_x264_21.mp4,No Action
Burglary021_x264_23.mp4,No Action
Burglary021_x264_26.mp4,Burglary
Burglary021_x264_29.mp4,Burglary
Burglary021_x264_5.mp4,Burglary
Burglary022_x264_17.mp4,Burglary
Burglary022_x264_28.mp4,Burglary
Burglary023_x264_10.mp4,No Action
Burglary023_x264_20.mp4,No Action
Burglary023_x264_3.mp4,No Action
Burglary024_x264_0.mp4,No Action
Burglary024_x264_16.mp4,No Action
Burglary026_x264_10.mp4,Burglary
Burglary026_x264_23.mp4,No Action
Burglary026_x264_24.mp4,No Action
Burglary026_x264_25.mp4,No Action
Burglary026_x264_26.mp4,No Action
Burglary026_x264_8.mp4,Burglary
Burglary027_x264_11.mp4,Burglary
Burglary027_x264_14.mp4,Burglary
Burglary027_x264_23.mp4,Burglary
Burglary027_x264_29.mp4,Burglary
Burglary027_x264_31.mp4,Burglary
Burglary034_x264_1.mp4,No Action
Burglary034_x264_10.mp4,No Action
Burglary034_x264_12.mp4,Burglary
Burglary034_x264_13.mp4,Burglary
Burglary034_x264_17.mp4,Burglary
Burglary035_x264_0.mp4,No Action
Burglary035_x264_1.mp4,No Action
Burglary035_x264_13.mp4,No Action
Burglary035_x264_24.mp4,No Action
Burglary035_x264_28.mp4,No Action
Burglary036_x264_1.mp4,No Action
Burglary036_x264_13.mp4,Burglary
Burglary036_x264_29.mp4,Burglary
Burglary037_x264_21.mp4,Burglary
Burglary037_x264_22.mp4,Burglary
Burglary037_x264_23.mp4,Burglary
Burglary037_x264_26.mp4,Burglary
Burglary037_x264_4.mp4,Burglary
Burglary037_x264_9.mp4,No Action
Burglary041_x264_14.mp4,Burglary
Burglary041_x264_21.mp4,Burglary
Burglary041_x264_6.mp4,Burglary
Burglary046_x264_9.mp4,Burglary
Burglary048_x264_18.mp4,Burglary
Burglary048_x264_24.mp4,Burglary
Burglary048_x264_5.mp4,No Action
Burglary048_x264_7.mp4,Burglary
Burglary048_x264_9.mp4,Burglary
Burglary051_x264_20.mp4,Burglary
Burglary051_x264_6.mp4,Burglary
Burglary053_x264_1.mp4,No Action
Burglary053_x264_18.mp4,No Action
Burglary055_x264_12.mp4,No Action
Burglary055_x264_13.mp4,No Action
Burglary055_x264_20.mp4,Burglary
Burglary055_x264_27.mp4,No Action
Burglary055_x264_30.mp4,No Action
Burglary056_x264_28.mp4,Burglary
Burglary056_x264_5.mp4,Burglary
Burglary066_x264_21.mp4,Burglary
Burglary066_x264_24.mp4,Burglary
Burglary066_x264_3.mp4,Burglary
Burglary066_x264_30.mp4,No Action
Burglary066_x264_8.mp4,Burglary
Burglary069_x264_10.mp4,Burglary
Burglary069_x264_23.mp4,Burglary
Burglary069_x264_31.mp4,Burglary
Burglary071_x264_12.mp4,Burglary
Burglary071_x264_22.mp4,Burglary
Burglary072_x264_14.mp4,No Action
Burglary072_x264_19.mp4,No Action
Burglary072_x264_29.mp4,No Action
Burglary074_x264_14.mp4,Burglary
Burglary074_x264_28.mp4,Burglary
Burglary074_x264_7.mp4,Burglary
Burglary077_x264_13.mp4,Burglary
Burglary077_x264_24.mp4,Burglary
Burglary077_x264_25.mp4,Burglary
Burglary077_x264_27.mp4,Burglary
Burglary077_x264_9.mp4,Burglary
Burglary080_x264_10.mp4,Burglary
Burglary080_x264_11.mp4,Burglary
Burglary080_x264_14.mp4,Burglary
Burglary080_x264_6.mp4,Burglary
Burglary082_x264_10.mp4,No Action
Burglary082_x264_13.mp4,Burglary
Burglary082_x264_14.mp4,Burglary
Burglary082_x264_25.mp4,No Action
Burglary082_x264_29.mp4,No Action
Burglary084_x264_1.mp4,No Action
Burglary084_x264_10.mp4,Burglary
Burglary084_x264_11.mp4,Burglary
Burglary084_x264_23.mp4,Burglary
Burglary084_x264_9.mp4,Burglary
Burglary085_x264_1.mp4,No Action
Burglary085_x264_29.mp4,No Action
Burglary085_x264_30.mp4,No Action
Burglary086_x264_11.mp4,Burglary
Burglary086_x264_27.mp4,No Action
Burglary086_x264_5.mp4,No Action
Burglary086_x264_7.mp4,No Action
Burglary087_x264_22.mp4,Burglary
Burglary087_x264_4.mp4,No Action
Burglary089_x264_0.mp4,No Action
Burglary089_x264_1.mp4,Burglary
Burglary089_x264_17.mp4,Burglary
Burglary089_x264_3.mp4,Burglary
Burglary089_x264_4.mp4,Burglary
Burglary090_x264_23.mp4,Burglary
Burglary090_x264_24.mp4,Burglary
Burglary090_x264_29.mp4,Burglary
Burglary091_x264_13.mp4,Burglary
Burglary091_x264_25.mp4,Burglary
Burglary091_x264_8.mp4,Burglary
Burglary094_x264_10.mp4,No Action
Burglary094_x264_11.mp4,No Action
Burglary094_x264_18.mp4,No Action
Burglary094_x264_19.mp4,No Action
Burglary094_x264_21.mp4,No Action
Burglary099_x264_18.mp4,No Action
Explosion004_x264_20.mp4,No Action
Explosion004_x264_23.mp4,No Action
Explosion004_x264_26.mp4,No Action
Explosion006_x264_14.mp4,No Action
Explosion006_x264_2.mp4,Explosion
Explosion006_x264_20.mp4,Explosion
Explosion006_x264_28.mp4,No Action
Explosion006_x264_8.mp4,No Action
Explosion008_x264_1.mp4,No Action
Explosion008_x264_13.mp4,No Action
Explosion008_x264_14.mp4,No Action
Explosion008_x264_15.mp4,No Action
Explosion008_x264_22.mp4,No Action
Explosion008_x264_7.mp4,No Action
Explosion009_x264_11.mp4,Explosion
Explosion009_x264_12.mp4,Explosion
Explosion009_x264_2.mp4,No Action
Explosion009_x264_3.mp4,No Action
Explosion009_x264_5.mp4,No Action
Explosion009_x264_8.mp4,Explosion
Explosion011_x264_10.mp4,No Action
Explosion011_x264_18.mp4,No Action
Explosion011_x264_20.mp4,No Action
Explosion011_x264_3.mp4,No Action
Explosion013_x264_12.mp4,No Action
Explosion013_x264_13.mp4,No Action
Explosion014_x264_1.mp4,No Action
Explosion014_x264_11.mp4,Explosion
Explosion014_x264_16.mp4,Explosion
Explosion014_x264_21.mp4,No Action
Explosion014_x264_22.mp4,No Action
Explosion014_x264_5.mp4,No Action
Explosion014_x264_6.mp4,No Action
Explosion017_x264_17.mp4,No Action
Explosion017_x264_19.mp4,No Action
Explosion017_x264_27.mp4,No Action
Explosion020_x264_14.mp4,Explosion
Explosion020_x264_16.mp4,Explosion
Explosion020_x264_24.mp4,No Action
Explosion020_x264_31.mp4,No Action
Explosion022_x264_0.mp4,No Action
Explosion022_x264_11.mp4,No Action
Explosion022_x264_14.mp4,No Action
Explosion022_x264_15.mp4,No Action
Explosion022_x264_27.mp4,No Action
Explosion022_x264_28.mp4,No Action
Explosion022_x264_6.mp4,No Action
Explosion023_x264_10.mp4,No Action
Explosion023_x264_13.mp4,No Action
Explosion023_x264_27.mp4,No Action
Explosion024_x264_1.mp4,No Action
Explosion026_x264_19.mp4,No Action
Explosion026_x264_26.mp4,No Action
Explosion026_x264_27.mp4,No Action
Explosion026_x264_8.mp4,No Action
Explosion028_x264_0.mp4,No Action
Explosion028_x264_12.mp4,Explosion
Explosion028_x264_14.mp4,No Action
Explosion029_x264_2.mp4,No Action
Explosion029_x264_21.mp4,No Action
Explosion029_x264_3.mp4,No Action
Explosion029_x264_31.mp4,Explosion
Explosion032_x264_11.mp4,No Action
Explosion032_x264_16.mp4,Explosion
Explosion032_x264_22.mp4,No Action
Explosion032_x264_24.mp4,No Action
Explosion032_x264_25.mp4,Explosion
Explosion033_x264_17.mp4,No Action
Explosion035_x264_0.mp4,No Action
Explosion035_x264_22.mp4,No Action
Explosion035_x264_27.mp4,No Action
Explosion035_x264_29.mp4,No Action
Explosion035_x264_8.mp4,No Action
Explosion037_x264_0.mp4,No Action
Explosion037_x264_1.mp4,No Action
Explosion037_x264_18.mp4,Explosion
Explosion037_x264_25.mp4,Explosion
Explosion037_x264_3.mp4,No Action
Explosion037_x264_8.mp4,Explosion
Explosion038_x264_14.mp4,No Action
Explosion038_x264_17.mp4,Explosion
Explosion038_x264_2.mp4,Explosion
Explosion038_x264_3.mp4,Explosion
Explosion038_x264_7.mp4,No Action
Explosion042_x264_18.mp4,No Action
Explosion042_x264_19.mp4,No Action
Explosion042_x264_23.mp4,No Action
Explosion042_x264_5.mp4,No Action
Explosion047_x264_12.mp4,No Action
Explosion047_x264_2.mp4,No Action
Explosion047_x264_26.mp4,No Action
Explosion047_x264_7.mp4,No Action
Explosion047_x264_8.mp4,No Action
Explosion052_x264_14.mp4,Explosion
Explosion052_x264_16.mp4,Explosion
Explosion052_x264_17.mp4,Explosion
Explosion052_x264_19.mp4,Explosion
Explosion052_x264_9.mp4,No Action
Fighting002_x264_11.mp4,Fighting
Fighting002_x264_24.mp4,No Action
Fighting002_x264_26.mp4,No Action
Fighting002_x264_27.mp4,No Action
Fighting002_x264_3.mp4,Fighting
Fighting002_x264_6.mp4,No Action
Fighting003_x264_12.mp4,No Action
Fighting003_x264_17.mp4,No Action
Fighting003_x264_27.mp4,No Action
Fighting003_x264_29.mp4,Fighting
Fighting003_x264_31.mp4,Fighting
Fighting003_x264_5.mp4,No Action
Fighting003_x264_6.mp4,No Action
Fighting005_x264_0.mp4,No Action
Fighting005_x264_28.mp4,No Action
Fighting005_x264_29.mp4,No Action
Fighting005_x264_31.mp4,No Action
Fighting007_x264_15.mp4,Fighting
Fighting007_x264_28.mp4,Fighting
Fighting009_x264_1.mp4,No Action
Fighting009_x264_2.mp4,No Action
Fighting009_x264_20.mp4,No Action
Fighting009_x264_3.mp4,No Action
Fighting009_x264_31.mp4,No Action
Fighting009_x264_6.mp4,No Action
Fighting009_x264_7.mp4,No Action
Fighting012_x264_20.mp4,No Action
Fighting012_x264_28.mp4,No Action
Fighting013_x264_17.mp4,Fighting
Fighting013_x264_18.mp4,Fighting
Fighting013_x264_20.mp4,Fighting
Fighting013_x264_28.mp4,Fighting
Fighting013_x264_31.mp4,Fighting
Fighting014_x264_1.mp4,No Action
Fighting014_x264_20.mp4,No Action
Fighting014_x264_29.mp4,No Action
Fighting014_x264_3.mp4,No Action
RoadAccidents001_x264_22.mp4,No Action
RoadAccidents001_x264_26.mp4,No Action
RoadAccidents001_x264_3.mp4,No Action
RoadAccidents001_x264_30.mp4,No Action
RoadAccidents001_x264_31.mp4,No Action
RoadAccidents001_x264_5.mp4,No Action
RoadAccidents001_x264_7.mp4,RoadAccidents
RoadAccidents001_x264_8.mp4,RoadAccidents
RoadAccidents003_x264_18.mp4,No Action
RoadAccidents003_x264_19.mp4,No Action
RoadAccidents003_x264_20.mp4,No Action
RoadAccidents003_x264_29.mp4,No Action
RoadAccidents003_x264_4.mp4,No Action
RoadAccidents003_x264_9.mp4,RoadAccidents
RoadAccidents006_x264_0.mp4,No Action
RoadAccidents006_x264_16.mp4,No Action
RoadAccidents006_x264_19.mp4,No Action
RoadAccidents006_x264_21.mp4,No Action
RoadAccidents006_x264_6.mp4,RoadAccidents
RoadAccidents007_x264_24.mp4,No Action
RoadAccidents008_x264_17.mp4,No Action
RoadAccidents008_x264_6.mp4,RoadAccidents
RoadAccidents011_x264_28.mp4,No Action
RoadAccidents011_x264_3.mp4,No Action
RoadAccidents011_x264_6.mp4,RoadAccidents
RoadAccidents013_x264_14.mp4,RoadAccidents
RoadAccidents013_x264_2.mp4,No Action
RoadAccidents013_x264_22.mp4,RoadAccidents
RoadAccidents015_x264_26.mp4,No Action
RoadAccidents015_x264_28.mp4,No Action
RoadAccidents015_x264_31.mp4,No Action
RoadAccidents016_x264_10.mp4,RoadAccidents
RoadAccidents016_x264_24.mp4,No Action
RoadAccidents016_x264_6.mp4,No Action
RoadAccidents016_x264_7.mp4,No Action
RoadAccidents018_x264_10.mp4,No Action
RoadAccidents018_x264_4.mp4,No Action
RoadAccidents018_x264_8.mp4,No Action
RoadAccidents019_x264_11.mp4,No Action
RoadAccidents019_x264_19.mp4,No Action
RoadAccidents019_x264_20.mp4,No Action
RoadAccidents019_x264_24.mp4,No Action
RoadAccidents019_x264_5.mp4,No Action
RoadAccidents023_x264_13.mp4,RoadAccidents
RoadAccidents023_x264_15.mp4,No Action
RoadAccidents023_x264_21.mp4,No Action
RoadAccidents023_x264_22.mp4,No Action
RoadAccidents023_x264_24.mp4,No Action
RoadAccidents023_x264_8.mp4,No Action
RoadAccidents024_x264_0.mp4,No Action
RoadAccidents024_x264_17.mp4,No Action
RoadAccidents024_x264_25.mp4,No Action
RoadAccidents024_x264_27.mp4,No Action
RoadAccidents025_x264_26.mp4,RoadAccidents
RoadAccidents025_x264_4.mp4,No Action
RoadAccidents025_x264_5.mp4,No Action
RoadAccidents025_x264_6.mp4,No Action
RoadAccidents025_x264_7.mp4,No Action
RoadAccidents031_x264_17.mp4,RoadAccidents
RoadAccidents031_x264_18.mp4,RoadAccidents
RoadAccidents032_x264_22.mp4,RoadAccidents
RoadAccidents034_x264_15.mp4,RoadAccidents
RoadAccidents034_x264_17.mp4,No Action
RoadAccidents034_x264_4.mp4,No Action
RoadAccidents034_x264_6.mp4,RoadAccidents
RoadAccidents036_x264_14.mp4,RoadAccidents
RoadAccidents036_x264_2.mp4,No Action
RoadAccidents036_x264_31.mp4,No Action
RoadAccidents036_x264_4.mp4,RoadAccidents
RoadAccidents036_x264_5.mp4,RoadAccidents
RoadAccidents036_x264_8.mp4,RoadAccidents
RoadAccidents037_x264_2.mp4,No Action
RoadAccidents037_x264_20.mp4,No Action
RoadAccidents037_x264_26.mp4,No Action
RoadAccidents048_x264_11.mp4,No Action
RoadAccidents048_x264_16.mp4,No Action
RoadAccidents048_x264_18.mp4,No Action
RoadAccidents048_x264_2.mp4,No Action
RoadAccidents048_x264_20.mp4,No Action
RoadAccidents048_x264_29.mp4,RoadAccidents
RoadAccidents050_x264_14.mp4,No Action
RoadAccidents050_x264_29.mp4,No Action
RoadAccidents050_x264_3.mp4,No Action
RoadAccidents050_x264_7.mp4,RoadAccidents
RoadAccidents050_x264_9.mp4,RoadAccidents
RoadAccidents057_x264_19.mp4,No Action
RoadAccidents057_x264_22.mp4,No Action
RoadAccidents057_x264_23.mp4,No Action
RoadAccidents057_x264_7.mp4,No Action
RoadAccidents059_x264_1.mp4,No Action
RoadAccidents059_x264_17.mp4,No Action
RoadAccidents059_x264_23.mp4,No Action
RoadAccidents059_x264_24.mp4,No Action
RoadAccidents059_x264_29.mp4,No Action
RoadAccidents059_x264_4.mp4,RoadAccidents
RoadAccidents064_x264_0.mp4,No Action
RoadAccidents064_x264_10.mp4,RoadAccidents
RoadAccidents064_x264_22.mp4,No Action
RoadAccidents064_x264_23.mp4,No Action
RoadAccidents064_x264_25.mp4,No Action
RoadAccidents064_x264_28.mp4,No Action
RoadAccidents066_x264_10.mp4,No Action
RoadAccidents066_x264_16.mp4,No Action
RoadAccidents066_x264_22.mp4,No Action
RoadAccidents066_x264_23.mp4,No Action
RoadAccidents066_x264_3.mp4,No Action
RoadAccidents066_x264_30.mp4,No Action
RoadAccidents066_x264_8.mp4,RoadAccidents
RoadAccidents067_x264_13.mp4,No Action
RoadAccidents067_x264_5.mp4,No Action
RoadAccidents074_x264_21.mp4,No Action
RoadAccidents074_x264_9.mp4,No Action
RoadAccidents076_x264_12.mp4,No Action
RoadAccidents076_x264_21.mp4,RoadAccidents
RoadAccidents076_x264_6.mp4,No Action
RoadAccidents077_x264_29.mp4,No Action
RoadAccidents077_x264_31.mp4,No Action
RoadAccidents077_x264_6.mp4,No Action
RoadAccidents079_x264_11.mp4,No Action
RoadAccidents079_x264_13.mp4,No Action
RoadAccidents079_x264_31.mp4,RoadAccidents
RoadAccidents080_x264_10.mp4,No Action
RoadAccidents080_x264_16.mp4,RoadAccidents
RoadAccidents082_x264_15.mp4,No Action
RoadAccidents082_x264_24.mp4,No Action
RoadAccidents082_x264_25.mp4,No Action
RoadAccidents082_x264_9.mp4,No Action
RoadAccidents083_x264_10.mp4,RoadAccidents
RoadAccidents083_x264_11.mp4,No Action
RoadAccidents083_x264_14.mp4,No Action
RoadAccidents083_x264_30.mp4,No Action
RoadAccidents083_x264_7.mp4,No Action
RoadAccidents083_x264_9.mp4,RoadAccidents
RoadAccidents088_x264_14.mp4,No Action
RoadAccidents088_x264_27.mp4,RoadAccidents
RoadAccidents089_x264_15.mp4,RoadAccidents
RoadAccidents089_x264_19.mp4,RoadAccidents
RoadAccidents089_x264_23.mp4,No Action
RoadAccidents090_x264_18.mp4,No Action
RoadAccidents090_x264_27.mp4,No Action
RoadAccidents090_x264_6.mp4,No Action
RoadAccidents091_x264_4.mp4,No Action
RoadAccidents091_x264_7.mp4,No Action
RoadAccidents092_x264_29.mp4,No Action
RoadAccidents093_x264_1.mp4,No Action
RoadAccidents093_x264_22.mp4,No Action
RoadAccidents093_x264_6.mp4,No Action
RoadAccidents093_x264_8.mp4,RoadAccidents
RoadAccidents094_x264_11.mp4,No Action
RoadAccidents094_x264_13.mp4,No Action
RoadAccidents094_x264_24.mp4,No Action
RoadAccidents095_x264_23.mp4,No Action
RoadAccidents098_x264_16.mp4,No Action
RoadAccidents098_x264_2.mp4,No Action
RoadAccidents098_x264_3.mp4,No Action
RoadAccidents098_x264_30.mp4,No Action
RoadAccidents098_x264_31.mp4,No Action
RoadAccidents099_x264_14.mp4,No Action
RoadAccidents099_x264_18.mp4,RoadAccidents
RoadAccidents099_x264_9.mp4,No Action
RoadAccidents103_x264_11.mp4,No Action
RoadAccidents103_x264_23.mp4,No Action
RoadAccidents103_x264_30.mp4,No Action
RoadAccidents103_x264_8.mp4,No Action
RoadAccidents105_x264_1.mp4,No Action
RoadAccidents105_x264_13.mp4,No Action
RoadAccidents105_x264_19.mp4,No Action
RoadAccidents105_x264_20.mp4,No Action
RoadAccidents105_x264_28.mp4,No Action
RoadAccidents105_x264_6.mp4,No Action
RoadAccidents106_x264_1.mp4,No Action
RoadAccidents106_x264_19.mp4,No Action
RoadAccidents106_x264_2.mp4,No Action
RoadAccidents106_x264_23.mp4,No Action
RoadAccidents106_x264_26.mp4,No Action
RoadAccidents106_x264_3.mp4,No Action
RoadAccidents107_x264_11.mp4,RoadAccidents
RoadAccidents107_x264_21.mp4,RoadAccidents
RoadAccidents107_x264_29.mp4,No Action
RoadAccidents107_x264_6.mp4,No Action
RoadAccidents109_x264_0.mp4,RoadAccidents
RoadAccidents109_x264_10.mp4,No Action
RoadAccidents109_x264_13.mp4,No Action
RoadAccidents109_x264_21.mp4,No Action
RoadAccidents109_x264_23.mp4,No Action
RoadAccidents109_x264_26.mp4,No Action
RoadAccidents109_x264_28.mp4,No Action
RoadAccidents109_x264_4.mp4,No Action
RoadAccidents111_x264_14.mp4,No Action
RoadAccidents111_x264_19.mp4,No Action
RoadAccidents111_x264_5.mp4,No Action
RoadAccidents113_x264_12.mp4,No Action
RoadAccidents113_x264_27.mp4,No Action
RoadAccidents113_x264_29.mp4,No Action
RoadAccidents113_x264_3.mp4,No Action
RoadAccidents113_x264_8.mp4,No Action
RoadAccidents113_x264_9.mp4,No Action
RoadAccidents114_x264_11.mp4,No Action
RoadAccidents114_x264_17.mp4,RoadAccidents
RoadAccidents114_x264_24.mp4,No Action
RoadAccidents114_x264_27.mp4,No Action
RoadAccidents114_x264_31.mp4,No Action
RoadAccidents114_x264_7.mp4,No Action
RoadAccidents115_x264_1.mp4,No Action
RoadAccidents115_x264_10.mp4,No Action
RoadAccidents115_x264_13.mp4,No Action
RoadAccidents115_x264_24.mp4,No Action
RoadAccidents115_x264_3.mp4,RoadAccidents
RoadAccidents115_x264_6.mp4,No Action
RoadAccidents115_x264_9.mp4,No Action
RoadAccidents117_x264_16.mp4,No Action
RoadAccidents117_x264_20.mp4,No Action
RoadAccidents117_x264_27.mp4,No Action
RoadAccidents117_x264_30.mp4,No Action
RoadAccidents117_x264_7.mp4,No Action
RoadAccidents117_x264_9.mp4,No Action
RoadAccidents118_x264_0.mp4,No Action
RoadAccidents118_x264_11.mp4,No Action
RoadAccidents118_x264_13.mp4,No Action
RoadAccidents118_x264_18.mp4,No Action
RoadAccidents118_x264_29.mp4,No Action
RoadAccidents118_x264_3.mp4,No Action
RoadAccidents118_x264_4.mp4,No Action
RoadAccidents119_x264_0.mp4,No Action
RoadAccidents119_x264_15.mp4,RoadAccidents
RoadAccidents119_x264_16.mp4,RoadAccidents
RoadAccidents119_x264_2.mp4,No Action
RoadAccidents119_x264_22.mp4,No Action
RoadAccidents119_x264_25.mp4,No Action
RoadAccidents119_x264_31.mp4,No Action
RoadAccidents119_x264_7.mp4,No Action
RoadAccidents120_x264_1.mp4,No Action
RoadAccidents120_x264_22.mp4,No Action
RoadAccidents120_x264_28.mp4,No Action
RoadAccidents120_x264_31.mp4,No Action
RoadAccidents121_x264_3.mp4,No Action
RoadAccidents121_x264_30.mp4,No Action
RoadAccidents121_x264_7.mp4,No Action
RoadAccidents123_x264_11.mp4,No Action
RoadAccidents123_x264_13.mp4,No Action
RoadAccidents123_x264_23.mp4,No Action
RoadAccidents123_x264_30.mp4,No Action
RoadAccidents124_x264_17.mp4,No Action
RoadAccidents124_x264_28.mp4,No Action
RoadAccidents124_x264_30.mp4,No Action
RoadAccidents124_x264_9.mp4,RoadAccidents
RoadAccidents125_x264_0.mp4,No Action
RoadAccidents125_x264_11.mp4,No Action
RoadAccidents125_x264_24.mp4,No Action
RoadAccidents125_x264_29.mp4,No Action
RoadAccidents126_x264_19.mp4,RoadAccidents
RoadAccidents126_x264_25.mp4,No Action
RoadAccidents127_x264_15.mp4,No Action
RoadAccidents127_x264_18.mp4,No Action
RoadAccidents127_x264_23.mp4,No Action
RoadAccidents130_x264_13.mp4,No Action
RoadAccidents130_x264_25.mp4,No Action
RoadAccidents130_x264_27.mp4,No Action
RoadAccidents130_x264_5.mp4,RoadAccidents
RoadAccidents130_x264_6.mp4,RoadAccidents
RoadAccidents131_x264_3.mp4,No Action
RoadAccidents131_x264_9.mp4,RoadAccidents
RoadAccidents132_x264_0.mp4,No Action
RoadAccidents132_x264_16.mp4,No Action
RoadAccidents132_x264_21.mp4,No Action
RoadAccidents135_x264_14.mp4,RoadAccidents
RoadAccidents135_x264_15.mp4,RoadAccidents
RoadAccidents135_x264_29.mp4,No Action
RoadAccidents137_x264_16.mp4,No Action
RoadAccidents137_x264_24.mp4,No Action
RoadAccidents137_x264_26.mp4,No Action
RoadAccidents137_x264_27.mp4,No Action
RoadAccidents137_x264_5.mp4,No Action
RoadAccidents138_x264_27.mp4,No Action
RoadAccidents139_x264_18.mp4,No Action
RoadAccidents139_x264_23.mp4,No Action
RoadAccidents139_x264_27.mp4,No Action
RoadAccidents139_x264_7.mp4,No Action
RoadAccidents140_x264_1.mp4,No Action
RoadAccidents140_x264_18.mp4,No Action
RoadAccidents140_x264_23.mp4,No Action
RoadAccidents140_x264_25.mp4,No Action
RoadAccidents140_x264_29.mp4,No Action
RoadAccidents140_x264_7.mp4,RoadAccidents
RoadAccidents141_x264_15.mp4,No Action
RoadAccidents141_x264_16.mp4,No Action
RoadAccidents141_x264_17.mp4,No Action
RoadAccidents141_x264_22.mp4,No Action
RoadAccidents141_x264_25.mp4,No Action
RoadAccidents141_x264_30.mp4,RoadAccidents
RoadAccidents141_x264_7.mp4,RoadAccidents
RoadAccidents145_x264_0.mp4,No Action
RoadAccidents145_x264_1.mp4,No Action
RoadAccidents145_x264_20.mp4,No Action
RoadAccidents145_x264_26.mp4,No Action
RoadAccidents146_x264_15.mp4,RoadAccidents
RoadAccidents146_x264_16.mp4,No Action
RoadAccidents146_x264_19.mp4,No Action
RoadAccidents146_x264_21.mp4,No Action
RoadAccidents146_x264_24.mp4,No Action
RoadAccidents149_x264_19.mp4,No Action
RoadAccidents149_x264_29.mp4,No Action
RoadAccidents150_x264_0.mp4,No Action
RoadAccidents150_x264_13.mp4,No Action
RoadAccidents150_x264_18.mp4,No Action
RoadAccidents150_x264_21.mp4,No Action
RoadAccidents150_x264_23.mp4,No Action
RoadAccidents150_x264_28.mp4,No Action
Robbery001_x264_10.mp4,No Action
Robbery001_x264_16.mp4,Robbery
Robbery001_x264_19.mp4,Robbery
Robbery001_x264_20.mp4,Robbery
Robbery001_x264_27.mp4,No Action
Robbery001_x264_6.mp4,No Action
Robbery001_x264_7.mp4,No Action
Robbery001_x264_9.mp4,No Action
Robbery002_x264_15.mp4,No Action
Robbery002_x264_2.mp4,Robbery
Robbery002_x264_28.mp4,No Action
Robbery002_x264_5.mp4,No Action
Robbery002_x264_6.mp4,No Action
Robbery003_x264_23.mp4,No Action
Robbery003_x264_4.mp4,No Action
Robbery003_x264_9.mp4,Robbery
Robbery004_x264_15.mp4,Robbery
Robbery004_x264_18.mp4,Robbery
Robbery004_x264_19.mp4,Robbery
Robbery004_x264_25.mp4,Robbery
Robbery004_x264_4.mp4,No Action
Robbery004_x264_5.mp4,No Action
Robbery006_x264_11.mp4,Robbery
Robbery006_x264_15.mp4,Robbery
Robbery006_x264_22.mp4,Robbery
Robbery006_x264_23.mp4,Robbery
Robbery006_x264_6.mp4,Robbery
Robbery008_x264_10.mp4,Robbery
Robbery008_x264_13.mp4,Robbery
Robbery008_x264_15.mp4,Robbery
Robbery008_x264_16.mp4,Robbery
Robbery008_x264_19.mp4,No Action
Robbery008_x264_21.mp4,Robbery
Robbery008_x264_9.mp4,No Action
Robbery009_x264_18.mp4,Robbery
Robbery009_x264_19.mp4,Robbery
Robbery009_x264_28.mp4,Robbery
Robbery009_x264_6.mp4,No Action
Robbery010_x264_20.mp4,Robbery
Robbery010_x264_24.mp4,Robbery
Robbery010_x264_26.mp4,Robbery
Robbery010_x264_27.mp4,Robbery
Robbery010_x264_6.mp4,No Action
Robbery013_x264_1.mp4,Robbery
Robbery013_x264_10.mp4,Robbery
Robbery013_x264_20.mp4,Robbery
Robbery013_x264_28.mp4,Robbery
Robbery013_x264_4.mp4,Robbery
Robbery015_x264_10.mp4,Robbery
Robbery015_x264_17.mp4,Robbery
Robbery015_x264_27.mp4,Robbery
Robbery015_x264_7.mp4,Robbery
Robbery016_x264_19.mp4,No Action
Robbery016_x264_30.mp4,Robbery
Robbery017_x264_12.mp4,Robbery
Robbery017_x264_14.mp4,Robbery
Robbery017_x264_22.mp4,No Action
Robbery017_x264_26.mp4,No Action
Robbery017_x264_3.mp4,No Action
Robbery018_x264_1.mp4,No Action
Robbery018_x264_11.mp4,Robbery
Robbery018_x264_16.mp4,Robbery
Robbery018_x264_28.mp4,Robbery
Robbery018_x264_5.mp4,Robbery
Robbery018_x264_9.mp4,Robbery
Robbery019_x264_23.mp4,Robbery
Robbery019_x264_26.mp4,Robbery
Robbery019_x264_31.mp4,Robbery
Robbery019_x264_4.mp4,Robbery
Robbery020_x264_10.mp4,Robbery
Robbery020_x264_22.mp4,No Action
Robbery020_x264_5.mp4,No Action
Robbery020_x264_9.mp4,No Action
Robbery022_x264_20.mp4,Robbery
Robbery022_x264_28.mp4,Robbery
Robbery023_x264_1.mp4,No Action
Robbery023_x264_14.mp4,Robbery
Robbery023_x264_20.mp4,Robbery
Robbery023_x264_23.mp4,Robbery
Robbery023_x264_5.mp4,Robbery
Robbery023_x264_9.mp4,Robbery
Robbery024_x264_11.mp4,Robbery
Robbery024_x264_13.mp4,Robbery
Robbery024_x264_18.mp4,Robbery
Robbery024_x264_24.mp4,Robbery
Robbery024_x264_3.mp4,Robbery
Robbery025_x264_1.mp4,No Action
Robbery025_x264_17.mp4,Robbery
Robbery028_x264_18.mp4,No Action
Robbery028_x264_19.mp4,Robbery
Robbery028_x264_31.mp4,No Action
Robbery028_x264_5.mp4,Robbery
Robbery028_x264_9.mp4,No Action
Robbery030_x264_14.mp4,Robbery
Robbery030_x264_18.mp4,Robbery
Robbery030_x264_21.mp4,Robbery
Robbery030_x264_28.mp4,Robbery
Robbery030_x264_9.mp4,Robbery
Robbery031_x264_31.mp4,No Action
Robbery031_x264_8.mp4,No Action
Robbery031_x264_9.mp4,No Action
Robbery035_x264_1.mp4,No Action
Robbery035_x264_18.mp4,No Action
Robbery035_x264_23.mp4,No Action
Robbery035_x264_28.mp4,Robbery
Robbery036_x264_11.mp4,No Action
Robbery036_x264_15.mp4,No Action
Robbery036_x264_17.mp4,No Action
Robbery036_x264_27.mp4,No Action
Robbery036_x264_28.mp4,No Action
Robbery036_x264_30.mp4,No Action
Robbery038_x264_25.mp4,Robbery
Robbery040_x264_3.mp4,No Action
Robbery040_x264_6.mp4,No Action
Robbery040_x264_8.mp4,No Action
Robbery041_x264_0.mp4,No Action
Robbery041_x264_1.mp4,Robbery
Robbery041_x264_13.mp4,Robbery
Robbery041_x264_16.mp4,Robbery
Robbery041_x264_24.mp4,Robbery
Robbery041_x264_5.mp4,Robbery
Robbery041_x264_6.mp4,Robbery
Robbery041_x264_8.mp4,Robbery
Robbery042_x264_0.mp4,No Action
Robbery042_x264_28.mp4,No Action
Robbery042_x264_29.mp4,No Action
Robbery042_x264_5.mp4,No Action
Robbery042_x264_9.mp4,No Action
Robbery043_x264_19.mp4,Robbery
Robbery043_x264_28.mp4,Robbery
Robbery043_x264_29.mp4,Robbery
Robbery043_x264_30.mp4,Robbery
Robbery043_x264_7.mp4,Robbery
Robbery045_x264_13.mp4,Robbery
Robbery045_x264_17.mp4,Robbery
Robbery045_x264_20.mp4,Robbery
Robbery045_x264_4.mp4,No Action
Robbery045_x264_6.mp4,No Action
Robbery047_x264_11.mp4,Robbery
Robbery047_x264_12.mp4,Robbery
Robbery047_x264_15.mp4,Robbery
Robbery047_x264_8.mp4,Robbery
Robbery048_x264_13.mp4,No Action
Robbery048_x264_3.mp4,No Action
Robbery049_x264_11.mp4,Robbery
Robbery049_x264_14.mp4,Robbery
Robbery049_x264_7.mp4,No Action
Robbery050_x264_10.mp4,No Action
Robbery050_x264_19.mp4,Robbery
Robbery050_x264_30.mp4,Robbery
Robbery051_x264_0.mp4,No Action
Robbery051_x264_21.mp4,Robbery
Robbery051_x264_30.mp4,Robbery
Robbery052_x264_1.mp4,Robbery
Robbery052_x264_10.mp4,Robbery
Robbery052_x264_12.mp4,Robbery
Robbery052_x264_29.mp4,Robbery
Robbery053_x264_11.mp4,No Action
Robbery053_x264_12.mp4,No Action
Robbery053_x264_14.mp4,No Action
Robbery053_x264_15.mp4,No Action
Robbery053_x264_17.mp4,No Action
Robbery053_x264_26.mp4,Robbery
Robbery054_x264_11.mp4,No Action
Robbery054_x264_2.mp4,No Action
Robbery054_x264_22.mp4,Robbery
Robbery054_x264_24.mp4,Robbery
Robbery054_x264_27.mp4,Robbery
Robbery054_x264_28.mp4,Robbery
Robbery056_x264_19.mp4,Robbery
Robbery056_x264_3.mp4,Robbery
Robbery057_x264_18.mp4,Robbery
Robbery057_x264_2.mp4,No Action
Robbery057_x264_21.mp4,No Action
Robbery057_x264_28.mp4,Robbery
Robbery057_x264_30.mp4,Robbery
Robbery057_x264_31.mp4,Robbery
Robbery057_x264_7.mp4,No Action
Robbery057_x264_8.mp4,No Action
Robbery057_x264_9.mp4,No Action
Robbery058_x264_21.mp4,Robbery
Robbery058_x264_24.mp4,Robbery
Robbery058_x264_30.mp4,Robbery
Robbery058_x264_6.mp4,Robbery
Robbery060_x264_14.mp4,Robbery
Robbery060_x264_4.mp4,Robbery
Robbery060_x264_6.mp4,Robbery
Robbery060_x264_8.mp4,Robbery
Robbery061_x264_28.mp4,No Action
Robbery061_x264_4.mp4,No Action
Robbery062_x264_1.mp4,Robbery
Robbery062_x264_3.mp4,Robbery
Robbery063_x264_0.mp4,No Action
Robbery063_x264_12.mp4,Robbery
Robbery063_x264_2.mp4,No Action
Robbery063_x264_28.mp4,No Action
Robbery063_x264_4.mp4,No Action
Robbery063_x264_7.mp4,No Action
Robbery063_x264_9.mp4,No Action
Robbery064_x264_19.mp4,Robbery
Robbery064_x264_22.mp4,No Action
Robbery064_x264_23.mp4,No Action
Robbery064_x264_24.mp4,Robbery
Robbery064_x264_26.mp4,Robbery
Robbery064_x264_27.mp4,Robbery
Robbery065_x264_14.mp4,Robbery
Robbery065_x264_19.mp4,Robbery
Robbery065_x264_22.mp4,Robbery
Robbery065_x264_26.mp4,Robbery
Robbery065_x264_28.mp4,Robbery
Robbery065_x264_29.mp4,Robbery
Robbery065_x264_3.mp4,Robbery
Robbery066_x264_16.mp4,No Action
Robbery066_x264_28.mp4,No Action
Robbery066_x264_8.mp4,No Action
Robbery067_x264_12.mp4,Robbery
Robbery067_x264_17.mp4,Robbery
Robbery067_x264_5.mp4,No Action
Robbery067_x264_8.mp4,Robbery
Robbery067_x264_9.mp4,Robbery
Robbery071_x264_11.mp4,Robbery
Robbery071_x264_27.mp4,Robbery
Robbery071_x264_9.mp4,No Action
Robbery072_x264_14.mp4,Robbery
Robbery072_x264_18.mp4,Robbery
Robbery072_x264_23.mp4,Robbery
Robbery077_x264_11.mp4,Robbery
Robbery077_x264_12.mp4,Robbery
Robbery077_x264_2.mp4,Robbery
Robbery077_x264_22.mp4,Robbery
Robbery077_x264_28.mp4,No Action
Robbery077_x264_4.mp4,Robbery
Robbery077_x264_5.mp4,Robbery
Robbery078_x264_0.mp4,No Action
Robbery078_x264_16.mp4,Robbery
Robbery078_x264_19.mp4,Robbery
Robbery080_x264_20.mp4,Robbery
Robbery080_x264_22.mp4,Robbery
Robbery080_x264_26.mp4,Robbery
Robbery081_x264_11.mp4,Robbery
Robbery081_x264_12.mp4,Robbery
Robbery081_x264_19.mp4,Robbery
Robbery081_x264_22.mp4,Robbery
Robbery081_x264_24.mp4,No Action
Robbery081_x264_28.mp4,No Action
Robbery082_x264_4.mp4,Robbery
Robbery083_x264_10.mp4,Robbery
Robbery083_x264_13.mp4,Robbery
Robbery083_x264_2.mp4,No Action
Robbery083_x264_26.mp4,Robbery
Robbery083_x264_27.mp4,Robbery
Robbery083_x264_30.mp4,Robbery
Robbery083_x264_5.mp4,Robbery
Robbery085_x264_1.mp4,Robbery
Robbery085_x264_15.mp4,Robbery
Robbery085_x264_16.mp4,Robbery
Robbery085_x264_17.mp4,Robbery
Robbery085_x264_26.mp4,Robbery
Robbery085_x264_7.mp4,Robbery
Robbery087_x264_0.mp4,No Action
Robbery087_x264_1.mp4,Robbery
Robbery087_x264_18.mp4,Robbery
Robbery087_x264_20.mp4,No Action
Robbery087_x264_25.mp4,No Action
Robbery088_x264_19.mp4,Robbery
Robbery088_x264_7.mp4,Robbery
Robbery091_x264_12.mp4,Robbery
Robbery091_x264_14.mp4,Robbery
Robbery091_x264_15.mp4,Robbery
Robbery091_x264_17.mp4,Robbery
Robbery091_x264_18.mp4,Robbery
Robbery091_x264_7.mp4,No Action
Robbery091_x264_9.mp4,Robbery
Robbery093_x264_14.mp4,Robbery
Robbery093_x264_15.mp4,No Action
Robbery093_x264_23.mp4,No Action
Robbery093_x264_26.mp4,Robbery
Robbery093_x264_31.mp4,No Action
Robbery094_x264_18.mp4,No Action
Robbery094_x264_21.mp4,No Action
Robbery094_x264_26.mp4,No Action
Robbery095_x264_17.mp4,No Action
Robbery095_x264_8.mp4,No Action
Robbery096_x264_3.mp4,No Action
Robbery096_x264_31.mp4,No Action
Robbery097_x264_15.mp4,No Action
Robbery097_x264_17.mp4,No Action
Robbery097_x264_19.mp4,No Action
Robbery097_x264_20.mp4,No Action
Robbery097_x264_23.mp4,No Action
Robbery097_x264_26.mp4,No Action
Robbery099_x264_10.mp4,Robbery
Robbery099_x264_12.mp4,No Action
Robbery099_x264_15.mp4,No Action
Robbery100_x264_0.mp4,No Action
Robbery100_x264_14.mp4,Robbery
Robbery100_x264_24.mp4,Robbery
Robbery100_x264_30.mp4,Robbery
Robbery100_x264_8.mp4,Robbery
Robbery102_x264_11.mp4,No Action
Robbery102_x264_13.mp4,No Action
Robbery102_x264_16.mp4,No Action
Robbery102_x264_19.mp4,No Action
Robbery102_x264_28.mp4,No Action
Robbery102_x264_7.mp4,No Action
Robbery103_x264_26.mp4,Robbery
Robbery103_x264_28.mp4,Robbery
Robbery103_x264_29.mp4,Robbery
Robbery103_x264_6.mp4,No Action
Robbery103_x264_7.mp4,No Action
Robbery104_x264_1.mp4,No Action
Robbery104_x264_12.mp4,No Action
Robbery104_x264_27.mp4,Robbery
Robbery104_x264_4.mp4,No Action
Robbery104_x264_7.mp4,No Action
Robbery105_x264_1.mp4,No Action
Robbery105_x264_13.mp4,Robbery
Robbery105_x264_14.mp4,Robbery
Robbery105_x264_19.mp4,Robbery
Robbery105_x264_21.mp4,No Action
Robbery105_x264_23.mp4,No Action
Robbery105_x264_24.mp4,No Action
Robbery105_x264_27.mp4,No Action
Robbery105_x264_4.mp4,No Action
Robbery106_x264_2.mp4,No Action
Robbery106_x264_25.mp4,No Action
Robbery107_x264_0.mp4,No Action
Robbery107_x264_22.mp4,No Action
Robbery107_x264_6.mp4,No Action
Robbery109_x264_22.mp4,Robbery
Robbery109_x264_29.mp4,No Action
Robbery110_x264_1.mp4,No Action
Robbery110_x264_14.mp4,No Action
Robbery110_x264_24.mp4,No Action
Robbery110_x264_27.mp4,No Action
Robbery110_x264_5.mp4,No Action
Robbery111_x264_26.mp4,Robbery
Robbery111_x264_28.mp4,Robbery
Robbery112_x264_14.mp4,No Action
Robbery112_x264_3.mp4,No Action
Robbery112_x264_9.mp4,No Action
Robbery114_x264_18.mp4,Robbery
Robbery114_x264_24.mp4,No Action
Robbery114_x264_7.mp4,No Action
Robbery115_x264_22.mp4,Robbery
Robbery115_x264_28.mp4,Robbery
Robbery115_x264_30.mp4,Robbery
Robbery115_x264_7.mp4,Robbery
Robbery115_x264_8.mp4,Robbery
Robbery117_x264_21.mp4,No Action
Robbery117_x264_24.mp4,Robbery
Robbery117_x264_26.mp4,No Action
Robbery117_x264_8.mp4,Robbery
Robbery118_x264_1.mp4,Robbery
Robbery118_x264_13.mp4,Robbery
Robbery118_x264_23.mp4,No Action
Robbery118_x264_25.mp4,No Action
Robbery118_x264_26.mp4,No Action
Robbery119_x264_12.mp4,Robbery
Robbery119_x264_25.mp4,No Action
Robbery119_x264_27.mp4,No Action
Robbery120_x264_31.mp4,Robbery
Robbery121_x264_2.mp4,No Action
Robbery121_x264_5.mp4,No Action
Robbery122_x264_25.mp4,Robbery
Robbery122_x264_31.mp4,Robbery
Robbery123_x264_0.mp4,No Action
Robbery123_x264_12.mp4,Robbery
Robbery123_x264_13.mp4,Robbery
Robbery123_x264_14.mp4,Robbery
Robbery123_x264_30.mp4,No Action
Robbery123_x264_5.mp4,Robbery
Robbery123_x264_9.mp4,Robbery
Robbery126_x264_0.mp4,No Action
Robbery126_x264_12.mp4,No Action
Robbery126_x264_2.mp4,No Action
Robbery126_x264_5.mp4,No Action
Robbery127_x264_12.mp4,Robbery
Robbery127_x264_14.mp4,Robbery
Robbery129_x264_12.mp4,No Action
Robbery129_x264_16.mp4,No Action
Robbery129_x264_18.mp4,Robbery
Robbery129_x264_19.mp4,Robbery
Robbery129_x264_20.mp4,Robbery
Robbery129_x264_3.mp4,Robbery
Robbery129_x264_8.mp4,No Action
Robbery130_x264_11.mp4,Robbery
Robbery130_x264_22.mp4,Robbery
Robbery130_x264_9.mp4,No Action
Robbery131_x264_14.mp4,No Action
Robbery131_x264_2.mp4,No Action
Robbery131_x264_21.mp4,Robbery
Robbery131_x264_22.mp4,Robbery
Robbery131_x264_24.mp4,Robbery
Robbery131_x264_27.mp4,Robbery
Robbery131_x264_31.mp4,Robbery
Robbery133_x264_11.mp4,Robbery
Robbery133_x264_26.mp4,Robbery
Robbery133_x264_31.mp4,Robbery
Robbery136_x264_11.mp4,Robbery
Robbery136_x264_14.mp4,Robbery
Robbery136_x264_18.mp4,Robbery
Robbery136_x264_28.mp4,Robbery
Robbery136_x264_4.mp4,No Action
Robbery136_x264_6.mp4,Robbery
Robbery137_x264_18.mp4,Robbery
Robbery137_x264_19.mp4,Robbery
Robbery137_x264_21.mp4,Robbery
Robbery137_x264_5.mp4,Robbery
Robbery139_x264_18.mp4,Robbery
Robbery139_x264_28.mp4,No Action
Robbery139_x264_29.mp4,No Action
Robbery139_x264_31.mp4,No Action
Robbery139_x264_9.mp4,No Action
Robbery140_x264_12.mp4,No Action
Robbery140_x264_16.mp4,Robbery
Robbery140_x264_18.mp4,Robbery
Robbery140_x264_25.mp4,Robbery
Robbery140_x264_7.mp4,Robbery
Robbery142_x264_11.mp4,No Action
Robbery142_x264_14.mp4,Robbery
Robbery142_x264_23.mp4,Robbery
Robbery142_x264_25.mp4,Robbery
Robbery142_x264_3.mp4,No Action
Robbery142_x264_6.mp4,No Action
Robbery142_x264_8.mp4,No Action
Robbery145_x264_10.mp4,Robbery
Robbery145_x264_11.mp4,Robbery
Robbery145_x264_13.mp4,Robbery
Robbery145_x264_19.mp4,Robbery
Robbery145_x264_28.mp4,Robbery
Robbery145_x264_29.mp4,Robbery
Robbery145_x264_4.mp4,Robbery
Robbery146_x264_1.mp4,Robbery
Robbery146_x264_10.mp4,Robbery
Robbery146_x264_2.mp4,Robbery
Robbery146_x264_27.mp4,Robbery
Robbery148_x264_0.mp4,No Action
Robbery148_x264_15.mp4,No Action
Robbery148_x264_20.mp4,No Action
Robbery148_x264_26.mp4,No Action
Robbery149_x264_16.mp4,Robbery
Robbery149_x264_19.mp4,Robbery
Robbery149_x264_21.mp4,Robbery
Robbery149_x264_26.mp4,No Action
Robbery149_x264_27.mp4,No Action
Robbery149_x264_8.mp4,Robbery
Robbery150_x264_3.mp4,No Action
Shooting002_x264_26.mp4,No Action
Shooting002_x264_3.mp4,No Action
Shooting005_x264_16.mp4,No Action
Shooting005_x264_30.mp4,No Action
Shooting007_x264_19.mp4,Shooting
Shooting007_x264_21.mp4,No Action
Shooting007_x264_22.mp4,No Action
Shooting007_x264_4.mp4,Shooting
Shooting008_x264_26.mp4,Shooting
Shooting008_x264_30.mp4,Shooting
Shooting009_x264_26.mp4,No Action
Shooting009_x264_3.mp4,No Action
Shooting009_x264_4.mp4,No Action
Shooting010_x264_12.mp4,No Action
Shooting010_x264_24.mp4,No Action
Shooting011_x264_25.mp4,No Action
Shooting011_x264_7.mp4,Shooting
Shooting013_x264_0.mp4,No Action
Shooting013_x264_12.mp4,No Action
Shooting013_x264_15.mp4,No Action
Shooting013_x264_17.mp4,No Action
Shooting013_x264_22.mp4,No Action
Shooting013_x264_31.mp4,Shooting
Shooting013_x264_6.mp4,No Action
Shooting015_x264_12.mp4,No Action
Shooting015_x264_7.mp4,No Action
Shooting018_x264_17.mp4,Shooting
Shooting018_x264_8.mp4,No Action
Shooting019_x264_11.mp4,No Action
Shooting019_x264_15.mp4,No Action
Shooting019_x264_2.mp4,No Action
Shooting019_x264_25.mp4,Shooting
Shooting019_x264_27.mp4,Shooting
Shooting019_x264_9.mp4,No Action
Shooting020_x264_17.mp4,Shooting
Shooting020_x264_19.mp4,Shooting
Shooting021_x264_0.mp4,No Action
Shooting021_x264_23.mp4,No Action
Shooting021_x264_28.mp4,No Action
Shooting021_x264_4.mp4,No Action
Shooting022_x264_15.mp4,No Action
Shooting022_x264_17.mp4,No Action
Shooting022_x264_21.mp4,No Action
Shooting022_x264_24.mp4,Shooting
Shooting022_x264_25.mp4,Shooting
Shooting022_x264_26.mp4,Shooting
Shooting022_x264_29.mp4,No Action
Shooting022_x264_30.mp4,No Action
Shooting025_x264_1.mp4,No Action
Shooting025_x264_15.mp4,Shooting
Shooting025_x264_18.mp4,Shooting
Shooting025_x264_2.mp4,No Action
Shooting025_x264_24.mp4,Shooting
Shooting025_x264_30.mp4,No Action
Shooting026_x264_10.mp4,Shooting
Shooting026_x264_12.mp4,Shooting
Shooting026_x264_16.mp4,No Action
Shooting026_x264_2.mp4,Shooting
Shooting026_x264_25.mp4,No Action
Shooting026_x264_30.mp4,No Action
Shooting026_x264_4.mp4,No Action
Shooting028_x264_12.mp4,Shooting
Shooting028_x264_2.mp4,No Action
Shooting028_x264_26.mp4,No Action
Shooting028_x264_28.mp4,No Action
Shooting028_x264_3.mp4,No Action
Shooting028_x264_31.mp4,No Action
Shooting028_x264_5.mp4,No Action
Shooting028_x264_9.mp4,Shooting
Shooting029_x264_10.mp4,No Action
Shooting029_x264_11.mp4,No Action
Shooting029_x264_17.mp4,Shooting
Shooting029_x264_19.mp4,Shooting
Shooting029_x264_23.mp4,Shooting
Shooting029_x264_24.mp4,Shooting
Shooting029_x264_25.mp4,Shooting
Shooting029_x264_3.mp4,No Action
Shooting030_x264_11.mp4,No Action
Shooting030_x264_17.mp4,No Action
Shooting030_x264_20.mp4,No Action
Shooting030_x264_25.mp4,Shooting
Shooting030_x264_4.mp4,No Action
Shooting030_x264_5.mp4,No Action
Shooting031_x264_16.mp4,No Action
Shooting033_x264_0.mp4,No Action
Shooting033_x264_20.mp4,Shooting
Shooting033_x264_22.mp4,Shooting
Shooting033_x264_26.mp4,No Action
Shooting033_x264_7.mp4,No Action
Shooting033_x264_8.mp4,No Action
Shooting034_x264_12.mp4,No Action
Shooting034_x264_17.mp4,No Action
Shooting034_x264_23.mp4,No Action
Shooting034_x264_25.mp4,No Action
Shooting036_x264_2.mp4,Shooting
Shooting036_x264_23.mp4,Shooting
Shooting036_x264_29.mp4,No Action
Shooting036_x264_31.mp4,Shooting
Shooting036_x264_9.mp4,Shooting
Shooting038_x264_11.mp4,Shooting
Shooting038_x264_18.mp4,No Action
Shooting038_x264_19.mp4,No Action
Shooting038_x264_24.mp4,No Action
Shooting038_x264_27.mp4,No Action
Shooting038_x264_3.mp4,No Action
Shooting041_x264_0.mp4,No Action
Shooting041_x264_1.mp4,No Action
Shooting041_x264_21.mp4,Shooting
Shooting041_x264_25.mp4,No Action
Shooting041_x264_9.mp4,No Action
Shooting042_x264_11.mp4,Shooting
Shooting042_x264_12.mp4,Shooting
Shooting042_x264_15.mp4,Shooting
Shooting042_x264_28.mp4,Shooting
Shooting042_x264_31.mp4,No Action
Shooting042_x264_8.mp4,Shooting
Shooting043_x264_11.mp4,No Action
Shooting043_x264_13.mp4,No Action
Shooting043_x264_19.mp4,No Action
Shooting043_x264_3.mp4,No Action
Shooting043_x264_8.mp4,No Action
Shooting048_x264_11.mp4,No Action
Shooting048_x264_14.mp4,No Action
Shooting048_x264_18.mp4,No Action
Shooting048_x264_20.mp4,No Action
Shooting048_x264_21.mp4,No Action
Shooting050_x264_21.mp4,No Action
Shooting050_x264_6.mp4,No Action
Shooting052_x264_23.mp4,Shooting
Shoplifting001_x264_16.mp4,No Action
Shoplifting005_x264_0.mp4,No Action
Shoplifting005_x264_26.mp4,No Action
Shoplifting005_x264_6.mp4,No Action
Shoplifting005_x264_9.mp4,No Action
Shoplifting006_x264_1.mp4,No Action
Shoplifting006_x264_12.mp4,No Action
Shoplifting006_x264_16.mp4,No Action
Shoplifting006_x264_18.mp4,Shoplifting
Shoplifting006_x264_19.mp4,Shoplifting
Shoplifting006_x264_26.mp4,Shoplifting
Shoplifting006_x264_28.mp4,No Action
Shoplifting006_x264_8.mp4,No Action
Shoplifting007_x264_13.mp4,No Action
Shoplifting007_x264_14.mp4,No Action
Shoplifting007_x264_15.mp4,No Action
Shoplifting007_x264_20.mp4,No Action
Shoplifting007_x264_21.mp4,No Action
Shoplifting009_x264_1.mp4,No Action
Shoplifting009_x264_2.mp4,No Action
Shoplifting009_x264_22.mp4,No Action
Shoplifting009_x264_25.mp4,No Action
Shoplifting009_x264_31.mp4,Shoplifting
Shoplifting009_x264_5.mp4,No Action
Shoplifting010_x264_13.mp4,Shoplifting
Shoplifting013_x264_0.mp4,No Action
Shoplifting013_x264_20.mp4,Shoplifting
Shoplifting013_x264_23.mp4,Shoplifting
Shoplifting015_x264_1.mp4,No Action
Shoplifting015_x264_21.mp4,No Action
Shoplifting015_x264_25.mp4,No Action
Shoplifting016_x264_24.mp4,No Action
Shoplifting018_x264_29.mp4,No Action
Shoplifting018_x264_3.mp4,No Action
Shoplifting018_x264_9.mp4,Shoplifting
Shoplifting021_x264_15.mp4,No Action
Shoplifting021_x264_30.mp4,No Action
Shoplifting021_x264_9.mp4,No Action
Shoplifting022_x264_19.mp4,No Action
Shoplifting022_x264_22.mp4,No Action
Shoplifting024_x264_11.mp4,No Action
Shoplifting024_x264_13.mp4,No Action
Shoplifting024_x264_20.mp4,No Action
Shoplifting024_x264_25.mp4,No Action
Shoplifting024_x264_27.mp4,Shoplifting
Shoplifting024_x264_30.mp4,Shoplifting
Shoplifting024_x264_8.mp4,No Action
Shoplifting025_x264_1.mp4,No Action
Shoplifting025_x264_18.mp4,Shoplifting
Shoplifting025_x264_23.mp4,Shoplifting
Shoplifting025_x264_9.mp4,No Action
Shoplifting026_x264_1.mp4,No Action
Shoplifting026_x264_15.mp4,No Action
Shoplifting026_x264_19.mp4,No Action
Shoplifting026_x264_22.mp4,No Action
Shoplifting026_x264_25.mp4,Shoplifting
Shoplifting032_x264_0.mp4,No Action
Shoplifting032_x264_19.mp4,No Action
Shoplifting032_x264_25.mp4,No Action
Shoplifting032_x264_27.mp4,No Action
Shoplifting032_x264_4.mp4,No Action
Shoplifting032_x264_5.mp4,No Action
Shoplifting032_x264_6.mp4,No Action
Shoplifting036_x264_14.mp4,No Action
Shoplifting036_x264_17.mp4,No Action
Shoplifting036_x264_8.mp4,No Action
Shoplifting037_x264_12.mp4,No Action
Shoplifting038_x264_16.mp4,No Action
Shoplifting038_x264_17.mp4,No Action
Shoplifting038_x264_24.mp4,No Action
Shoplifting039_x264_0.mp4,No Action
Shoplifting039_x264_21.mp4,No Action
Shoplifting039_x264_31.mp4,No Action
Shoplifting039_x264_8.mp4,No Action
Shoplifting042_x264_17.mp4,Shoplifting
Shoplifting042_x264_22.mp4,No Action
Shoplifting042_x264_25.mp4,No Action
Shoplifting042_x264_26.mp4,No Action
Shoplifting045_x264_1.mp4,No Action
Shoplifting045_x264_13.mp4,No Action
Shoplifting045_x264_8.mp4,No Action
Shoplifting047_x264_26.mp4,No Action
Shoplifting047_x264_7.mp4,No Action
Shoplifting048_x264_1.mp4,No Action
Shoplifting048_x264_20.mp4,No Action
Shoplifting049_x264_19.mp4,Shoplifting
Shoplifting049_x264_21.mp4,Shoplifting
Shoplifting049_x264_28.mp4,No Action
Shoplifting049_x264_29.mp4,No Action
Shoplifting050_x264_14.mp4,No Action
Shoplifting053_x264_11.mp4,No Action
Shoplifting053_x264_14.mp4,No Action
Shoplifting053_x264_15.mp4,No Action
Shoplifting053_x264_16.mp4,No Action
Shoplifting053_x264_21.mp4,No Action
Shoplifting053_x264_30.mp4,No Action
Shoplifting053_x264_31.mp4,No Action
Shoplifting054_x264_23.mp4,Shoplifting
Shoplifting054_x264_6.mp4,No Action
Stealing002_x264_10.mp4,Stealing
Stealing002_x264_22.mp4,Stealing
Stealing002_x264_26.mp4,No Action
Stealing002_x264_9.mp4,Stealing
Stealing003_x264_20.mp4,No Action
Stealing003_x264_7.mp4,No Action
Stealing006_x264_18.mp4,No Action
Stealing006_x264_22.mp4,No Action
Stealing006_x264_24.mp4,No Action
Stealing006_x264_6.mp4,No Action
Stealing007_x264_0.mp4,No Action
Stealing007_x264_1.mp4,No Action
Stealing007_x264_10.mp4,No Action
Stealing007_x264_18.mp4,No Action
Stealing007_x264_23.mp4,Stealing
Stealing007_x264_24.mp4,Stealing
Stealing007_x264_4.mp4,No Action
Stealing007_x264_5.mp4,No Action
Stealing008_x264_1.mp4,No Action
Stealing008_x264_15.mp4,No Action
Stealing008_x264_19.mp4,Stealing
Stealing008_x264_26.mp4,Stealing
Stealing009_x264_10.mp4,No Action
Stealing009_x264_14.mp4,No Action
Stealing009_x264_25.mp4,Stealing
Stealing009_x264_3.mp4,No Action
Stealing009_x264_31.mp4,Stealing
Stealing010_x264_12.mp4,No Action
Stealing010_x264_18.mp4,No Action
Stealing010_x264_19.mp4,No Action
Stealing010_x264_20.mp4,No Action
Stealing010_x264_22.mp4,No Action
Stealing010_x264_29.mp4,Stealing
Stealing011_x264_0.mp4,No Action
Stealing011_x264_13.mp4,No Action
Stealing011_x264_18.mp4,Stealing
Stealing011_x264_20.mp4,Stealing
Stealing011_x264_28.mp4,Stealing
Stealing012_x264_1.mp4,No Action
Stealing012_x264_4.mp4,No Action
Stealing014_x264_16.mp4,Stealing
Stealing014_x264_6.mp4,Stealing
Stealing015_x264_14.mp4,No Action
Stealing015_x264_22.mp4,No Action
Stealing015_x264_28.mp4,Stealing
Stealing015_x264_7.mp4,No Action
Stealing016_x264_13.mp4,No Action
Stealing016_x264_17.mp4,No Action
Stealing016_x264_19.mp4,No Action
Stealing017_x264_1.mp4,No Action
Stealing017_x264_26.mp4,No Action
Stealing017_x264_3.mp4,No Action
Stealing017_x264_8.mp4,No Action
Stealing018_x264_1.mp4,Stealing
Stealing018_x264_11.mp4,Stealing
Stealing018_x264_20.mp4,Stealing
Stealing018_x264_5.mp4,Stealing
Stealing021_x264_14.mp4,Stealing
Stealing021_x264_16.mp4,Stealing
Stealing021_x264_23.mp4,Stealing
Stealing021_x264_3.mp4,Stealing
Stealing021_x264_5.mp4,Stealing
Stealing022_x264_18.mp4,Stealing
Stealing022_x264_19.mp4,Stealing
Stealing023_x264_11.mp4,No Action
Stealing023_x264_20.mp4,Stealing
Stealing023_x264_30.mp4,Stealing
Stealing023_x264_6.mp4,No Action
Stealing024_x264_10.mp4,No Action
Stealing024_x264_12.mp4,No Action
Stealing024_x264_3.mp4,No Action
Stealing024_x264_4.mp4,No Action
Stealing024_x264_7.mp4,Stealing
Stealing026_x264_3.mp4,No Action
Stealing026_x264_30.mp4,Stealing
Stealing026_x264_8.mp4,No Action
Stealing027_x264_5.mp4,No Action
Stealing028_x264_12.mp4,No Action
Stealing031_x264_2.mp4,No Action
Stealing036_x264_22.mp4,Stealing
Stealing036_x264_25.mp4,Stealing
Stealing037_x264_5.mp4,Stealing
Stealing042_x264_16.mp4,Stealing
Stealing042_x264_21.mp4,Stealing
Stealing042_x264_27.mp4,Stealing
Stealing042_x264_29.mp4,Stealing
Stealing042_x264_31.mp4,Stealing
Stealing044_x264_19.mp4,Stealing
Stealing044_x264_21.mp4,Stealing
Stealing044_x264_23.mp4,Stealing
Stealing044_x264_31.mp4,No Action
Stealing047_x264_13.mp4,No Action
Stealing047_x264_15.mp4,No Action
Stealing047_x264_17.mp4,No Action
Stealing047_x264_19.mp4,No Action
Stealing047_x264_24.mp4,Stealing
Stealing047_x264_3.mp4,No Action
Stealing047_x264_7.mp4,No Action
Stealing049_x264_11.mp4,Stealing
Stealing049_x264_18.mp4,Stealing
Stealing049_x264_24.mp4,Stealing
Stealing049_x264_25.mp4,Stealing
Stealing049_x264_4.mp4,No Action
Stealing050_x264_20.mp4,Stealing
Stealing051_x264_2.mp4,No Action
Stealing051_x264_20.mp4,Stealing
Stealing051_x264_29.mp4,No Action
Stealing052_x264_20.mp4,Stealing
Stealing052_x264_26.mp4,Stealing
Stealing052_x264_29.mp4,Stealing
Stealing054_x264_0.mp4,No Action
Stealing054_x264_25.mp4,No Action
Stealing054_x264_3.mp4,No Action
Stealing055_x264_18.mp4,Stealing
Stealing060_x264_16.mp4,No Action
Stealing060_x264_17.mp4,No Action
Stealing060_x264_23.mp4,Stealing
Stealing060_x264_6.mp4,No Action
Stealing061_x264_17.mp4,Stealing
Stealing061_x264_2.mp4,No Action
Stealing061_x264_29.mp4,Stealing
Stealing061_x264_9.mp4,Stealing
Stealing062_x264_11.mp4,No Action
Stealing062_x264_19.mp4,No Action
Stealing062_x264_22.mp4,No Action
Stealing062_x264_25.mp4,No Action
Stealing062_x264_30.mp4,No Action
Stealing066_x264_13.mp4,Stealing
Stealing066_x264_19.mp4,No Action
Stealing066_x264_21.mp4,No Action
Stealing066_x264_22.mp4,No Action
Stealing067_x264_18.mp4,Stealing
Stealing067_x264_25.mp4,No Action
Stealing067_x264_27.mp4,No Action
Stealing070_x264_27.mp4,Stealing
Stealing070_x264_31.mp4,Stealing
Stealing070_x264_8.mp4,No Action
Stealing071_x264_2.mp4,No Action
Stealing071_x264_26.mp4,No Action
Stealing071_x264_30.mp4,No Action
Stealing071_x264_7.mp4,Stealing
Stealing073_x264_25.mp4,Stealing
Stealing074_x264_20.mp4,Stealing
Stealing074_x264_25.mp4,Stealing
Stealing074_x264_9.mp4,Stealing
Stealing075_x264_31.mp4,No Action
Stealing075_x264_8.mp4,Stealing
Stealing078_x264_11.mp4,Stealing
Stealing078_x264_2.mp4,No Action
Stealing078_x264_30.mp4,Stealing
Stealing078_x264_7.mp4,No Action
Stealing080_x264_17.mp4,Stealing
Stealing080_x264_19.mp4,Stealing
Stealing080_x264_31.mp4,No Action
Stealing081_x264_11.mp4,No Action
Stealing081_x264_13.mp4,No Action
Stealing081_x264_2.mp4,No Action
Stealing081_x264_27.mp4,No Action
Stealing081_x264_29.mp4,No Action
Stealing082_x264_13.mp4,Stealing
Stealing082_x264_3.mp4,No Action
Stealing083_x264_11.mp4,No Action
Stealing083_x264_12.mp4,No Action
Stealing083_x264_13.mp4,No Action
Stealing083_x264_14.mp4,No Action
Stealing083_x264_17.mp4,No Action
Stealing083_x264_19.mp4,No Action
Stealing083_x264_20.mp4,No Action
Stealing083_x264_23.mp4,Stealing
Stealing083_x264_26.mp4,Stealing
Stealing083_x264_29.mp4,Stealing
Stealing087_x264_1.mp4,Stealing
Stealing087_x264_2.mp4,Stealing
Stealing087_x264_20.mp4,Stealing
Stealing087_x264_26.mp4,Stealing
Stealing087_x264_28.mp4,Stealing
Stealing087_x264_3.mp4,Stealing
Stealing087_x264_8.mp4,Stealing
Stealing093_x264_18.mp4,No Action
Stealing093_x264_19.mp4,Stealing
Stealing093_x264_22.mp4,No Action
Stealing093_x264_23.mp4,No Action
Stealing094_x264_0.mp4,No Action
Stealing094_x264_15.mp4,Stealing
Stealing094_x264_20.mp4,Stealing
Stealing094_x264_23.mp4,Stealing
Stealing094_x264_27.mp4,No Action
Stealing094_x264_29.mp4,No Action
Stealing094_x264_30.mp4,No Action
Stealing094_x264_31.mp4,No Action
Stealing098_x264_0.mp4,No Action
Stealing098_x264_10.mp4,No Action
Stealing098_x264_20.mp4,No Action
Stealing098_x264_23.mp4,No Action
Stealing098_x264_3.mp4,No Action
Stealing098_x264_30.mp4,Stealing
Stealing098_x264_7.mp4,No Action
Stealing098_x264_8.mp4,No Action
Stealing101_x264_27.mp4,Stealing
Stealing101_x264_31.mp4,Stealing
Stealing101_x264_9.mp4,No Action
Stealing102_x264_2.mp4,No Action
Stealing102_x264_27.mp4,Stealing
Stealing102_x264_5.mp4,No Action
Stealing104_x264_10.mp4,Stealing
Stealing104_x264_23.mp4,Stealing
Stealing104_x264_24.mp4,Stealing
Stealing104_x264_7.mp4,No Action
Stealing105_x264_1.mp4,No Action
Stealing105_x264_11.mp4,Stealing
Stealing105_x264_12.mp4,Stealing
Stealing105_x264_21.mp4,No Action
Stealing105_x264_29.mp4,No Action
Stealing106_x264_13.mp4,Stealing
Stealing106_x264_19.mp4,No Action
Stealing106_x264_29.mp4,Stealing
Stealing106_x264_7.mp4,Stealing
Stealing106_x264_9.mp4,Stealing
Stealing107_x264_12.mp4,Stealing
Stealing107_x264_23.mp4,Stealing
Stealing108_x264_15.mp4,Stealing
Stealing108_x264_22.mp4,Stealing
Stealing111_x264_9.mp4,Stealing
Stealing112_x264_14.mp4,Stealing
Stealing112_x264_20.mp4,Stealing
Stealing112_x264_25.mp4,Stealing
Stealing112_x264_27.mp4,Stealing
Stealing113_x264_2.mp4,No Action
Stealing113_x264_23.mp4,Stealing
Stealing113_x264_25.mp4,Stealing
Stealing113_x264_26.mp4,Stealing
Stealing113_x264_6.mp4,No Action
Stealing113_x264_8.mp4,No Action
Stealing114_x264_0.mp4,No Action
Stealing114_x264_19.mp4,No Action
Stealing114_x264_2.mp4,Stealing
Stealing114_x264_24.mp4,No Action
Vandalism001_x264_11.mp4,No Action
Vandalism001_x264_2.mp4,No Action
Vandalism001_x264_21.mp4,Vandalism
Vandalism001_x264_22.mp4,Vandalism
Vandalism002_x264_11.mp4,Vandalism
Vandalism002_x264_16.mp4,No Action
Vandalism002_x264_29.mp4,No Action
Vandalism003_x264_0.mp4,No Action
Vandalism003_x264_1.mp4,No Action
Vandalism003_x264_12.mp4,No Action
Vandalism003_x264_14.mp4,Vandalism
Vandalism003_x264_16.mp4,No Action
Vandalism003_x264_20.mp4,Vandalism
Vandalism003_x264_31.mp4,No Action
Vandalism004_x264_27.mp4,No Action
Vandalism004_x264_9.mp4,No Action
Vandalism005_x264_0.mp4,No Action
Vandalism005_x264_11.mp4,No Action
Vandalism005_x264_15.mp4,No Action
Vandalism005_x264_18.mp4,No Action
Vandalism005_x264_7.mp4,No Action
Vandalism007_x264_12.mp4,No Action
Vandalism007_x264_17.mp4,Vandalism
Vandalism007_x264_19.mp4,No Action
Vandalism007_x264_23.mp4,Vandalism
Vandalism007_x264_27.mp4,No Action
Vandalism013_x264_11.mp4,No Action
Vandalism013_x264_25.mp4,Vandalism
Vandalism015_x264_10.mp4,Vandalism
Vandalism015_x264_12.mp4,Vandalism
Vandalism015_x264_28.mp4,Vandalism
Vandalism017_x264_1.mp4,No Action
Vandalism017_x264_14.mp4,No Action
Vandalism017_x264_17.mp4,No Action
Vandalism019_x264_18.mp4,Vandalism
Vandalism019_x264_3.mp4,No Action
Vandalism021_x264_12.mp4,Vandalism
Vandalism021_x264_13.mp4,Vandalism
Vandalism021_x264_22.mp4,Vandalism
Vandalism021_x264_29.mp4,Vandalism
Vandalism021_x264_3.mp4,Vandalism
Vandalism021_x264_5.mp4,Vandalism
Vandalism024_x264_0.mp4,No Action
Vandalism024_x264_14.mp4,No Action
Vandalism024_x264_22.mp4,Vandalism
Vandalism025_x264_10.mp4,No Action
Vandalism025_x264_12.mp4,No Action
Vandalism025_x264_15.mp4,No Action
Vandalism025_x264_17.mp4,No Action
Vandalism025_x264_28.mp4,No Action
Vandalism025_x264_29.mp4,No Action
Vandalism025_x264_5.mp4,Vandalism
Vandalism026_x264_18.mp4,Vandalism
Vandalism026_x264_2.mp4,No Action
Vandalism026_x264_20.mp4,Vandalism
Vandalism026_x264_30.mp4,No Action
Vandalism026_x264_5.mp4,No Action
Vandalism026_x264_8.mp4,No Action
Vandalism028_x264_10.mp4,No Action
Vandalism028_x264_11.mp4,No Action
Vandalism028_x264_15.mp4,Vandalism
Vandalism028_x264_20.mp4,Vandalism
Vandalism028_x264_3.mp4,No Action
Vandalism030_x264_11.mp4,Vandalism
Vandalism030_x264_7.mp4,Vandalism
Vandalism033_x264_11.mp4,Vandalism
Vandalism033_x264_13.mp4,Vandalism
Vandalism033_x264_17.mp4,Vandalism
Vandalism034_x264_14.mp4,No Action
Vandalism034_x264_15.mp4,No Action
Vandalism034_x264_19.mp4,Vandalism
Vandalism034_x264_20.mp4,Vandalism
Vandalism035_x264_0.mp4,No Action
Vandalism036_x264_27.mp4,No Action
Vandalism036_x264_28.mp4,No Action
Vandalism036_x264_30.mp4,No Action
Vandalism036_x264_9.mp4,No Action
Vandalism037_x264_10.mp4,No Action
Vandalism037_x264_12.mp4,Vandalism
Vandalism037_x264_28.mp4,No Action
Vandalism037_x264_9.mp4,No Action
Vandalism038_x264_11.mp4,Vandalism
Vandalism038_x264_16.mp4,Vandalism
Vandalism038_x264_17.mp4,Vandalism
Vandalism040_x264_18.mp4,No Action
Vandalism040_x264_27.mp4,Vandalism
Vandalism040_x264_30.mp4,Vandalism
Vandalism042_x264_14.mp4,No Action
Vandalism042_x264_18.mp4,Vandalism
Vandalism042_x264_25.mp4,Vandalism
Vandalism042_x264_27.mp4,Vandalism
Vandalism042_x264_6.mp4,No Action
Vandalism043_x264_0.mp4,Vandalism
Vandalism043_x264_21.mp4,Vandalism
Vandalism043_x264_24.mp4,Vandalism
Vandalism043_x264_5.mp4,No Action
Vandalism043_x264_6.mp4,No Action
Vandalism044_x264_18.mp4,Vandalism
Vandalism044_x264_2.mp4,No Action
Vandalism044_x264_22.mp4,No Action
Vandalism044_x264_8.mp4,No Action
Vandalism045_x264_0.mp4,No Action
Vandalism045_x264_12.mp4,Vandalism
Vandalism045_x264_16.mp4,Vandalism
Vandalism045_x264_20.mp4,Vandalism
Vandalism045_x264_3.mp4,No Action
Vandalism046_x264_0.mp4,No Action
Vandalism046_x264_1.mp4,No Action
Vandalism046_x264_26.mp4,No Action
Vandalism046_x264_28.mp4,No Action
Vandalism047_x264_10.mp4,No Action
Vandalism047_x264_14.mp4,No Action
Vandalism047_x264_19.mp4,No Action
Vandalism047_x264_24.mp4,No Action
Vandalism047_x264_28.mp4,No Action
Vandalism047_x264_30.mp4,No Action
Vandalism047_x264_9.mp4,No Action
